0,"{'path': '/muneeb-mbytes/apb_avip/tree/main/src/hvl_top', 'title': 'apb_avip/src/hvl_top at main · muneeb-mbytes/apb_avip · GitHub', 'count': 77, 'uniques': 5}"
1,"{'path': '/muneeb-mbytes/apb_avip/tree/main/src/hvl_top/master', 'title': 'apb_avip/src/hvl_top/master at main · muneeb-mbytes/apb_avip · GitHub', 'count': 57, 'uniques': 3}"
2,"{'path': '/muneeb-mbytes/apb_avip/tree/main/src', 'title': 'apb_avip/src at main · muneeb-mbytes/apb_avip · GitHub', 'count': 48, 'uniques': 5}"
3,"{'path': '/muneeb-mbytes/apb_avip/tree/main/src/hvl_top/test', 'title': 'apb_avip/src/hvl_top/test at main · muneeb-mbytes/apb_avip · GitHub', 'count': 36, 'uniques': 5}"
4,"{'path': '/muneeb-mbytes/apb_avip/tree/main/src/hdl_top', 'title': 'apb_avip/src/hdl_top at main · muneeb-mbytes/apb_avip · GitHub', 'count': 29, 'uniques': 3}"
5,"{'path': '/muneeb-mbytes/apb_avip/tree/main/src/hvl_top/env', 'title': 'apb_avip/src/hvl_top/env at main · muneeb-mbytes/apb_avip · GitHub', 'count': 25, 'uniques': 3}"
6,"{'path': '/muneeb-mbytes/apb_avip/blob/main/src/hdl_top/master_agent_bfm/apb_master_driver_bfm.sv', 'title': 'apb_avip/src/hdl_top/master_agent_bfm/apb_master_driver_bfm.sv at main · mune...', 'count': 24, 'uniques': 3}"
7,"{'path': '/muneeb-mbytes/apb_avip/tree/main/src/hdl_top/master_agent_bfm', 'title': 'apb_avip/src/hdl_top/master_agent_bfm at main · muneeb-mbytes/apb_avip · GitHub', 'count': 24, 'uniques': 3}"
8,"{'path': '/muneeb-mbytes/apb_avip/blob/main/src/hvl_top/master/apb_master_tx.sv', 'title': 'apb_avip/src/hvl_top/master/apb_master_tx.sv at main · muneeb-mbytes/apb_avip...', 'count': 18, 'uniques': 4}"
9,"{'path': '/muneeb-mbytes/apb_avip/tree/main/src/hvl_top/test/sequences/master_sequences', 'title': 'apb_avip/src/hvl_top/test/sequences/master_sequences at main · muneeb-mbytes/...', 'count': 18, 'uniques': 4}"
