0,"{'path': '/muneeb-mbytes/i2c_avip', 'title': 'muneeb-mbytes/i2c_avip: I2C Accelerated VIP', 'count': 5, 'uniques': 4}"
1,"{'path': '/muneeb-mbytes/i2c_avip/branches', 'title': 'Branches · muneeb-mbytes/i2c_avip', 'count': 5, 'uniques': 1}"
2,"{'path': '/muneeb-mbytes/i2c_avip/tree/baudrate_branch', 'title': 'muneeb-mbytes/i2c_avip at baudrate_branch', 'count': 5, 'uniques': 1}"
3,"{'path': '/muneeb-mbytes/i2c_avip/tree/code_optimization', 'title': 'muneeb-mbytes/i2c_avip at code_optimization', 'count': 4, 'uniques': 2}"
4,"{'path': '/muneeb-mbytes/i2c_avip/blob/i2c_topology_08_11/src/hvl_top/master/i2c_master_agent.sv', 'title': 'i2c_avip/src/hvl_top/master/i2c_master_agent.sv at i2c_topology_08_11 · munee...', 'count': 4, 'uniques': 1}"
5,"{'path': '/muneeb-mbytes/i2c_avip/tree/code_optimization/doc', 'title': 'i2c_avip/doc at code_optimization · muneeb-mbytes/i2c_avip', 'count': 4, 'uniques': 1}"
6,"{'path': '/muneeb-mbytes/i2c_avip/blob/phase1_development_branch/src/hvl_top/master/i2c_master_agent.sv', 'title': 'File not found · GitHub', 'count': 3, 'uniques': 1}"
7,"{'path': '/muneeb-mbytes/i2c_avip/branches/active', 'title': 'Branches · muneeb-mbytes/i2c_avip', 'count': 3, 'uniques': 1}"
8,"{'path': '/muneeb-mbytes/i2c_avip/tree/m_memory_map/src/hdl_top/master_agent_bfm', 'title': 'i2c_avip/src/hdl_top/master_agent_bfm at m_memory_map · muneeb-mbytes/i2c_avi...', 'count': 3, 'uniques': 1}"
9,"{'path': '/muneeb-mbytes/i2c_avip/tree/i2c_topology_08_11', 'title': 'muneeb-mbytes/i2c_avip at i2c_topology_08_11', 'count': 2, 'uniques': 2}"
